{"feature_set_name": "ext-mem-rw-dump", "feature_sets": {"W-MemOffsetMode.MIN_REF-1000": {"feature_metadata": [{"histogram_max": 0, "histogram_min": -1284142288067}], "feature_data": [-1284142288067.0, -1155728059260.3, -1027313830453.6, -898899601646.9, -770485372840.2, -642071144033.5, -513656915226.80005, -385242686420.1, -256828457613.40002, -128414228806.69995, 0.0]}, "RW-MemOffsetMode.SUM_REF_ASC-5000": {"feature_metadata": [{"histogram_max": 147498945521990149, "histogram_min": -475052128123021675}], "feature_data": [-4.750521281230217e+17, -4.127970207585205e+17, -3.505419133940193e+17, -2.8828680602951814e+17, -2.2603169866501696e+17, -1.6377659130051578e+17, -1.015214839360146e+17, -3.926637657151341e+16, 2.2988730792987776e+16, 8.524383815748896e+16, 1.4749894552199014e+17]}, "RW-MemOffsetMode.MEAN-10000": {"feature_metadata": [{"histogram_max": 34041812922779, "histogram_min": 65600467525}], "feature_data": [65600467525.6713, 3463221713051.07, 6860842958576.468, 10258464204101.867, 13656085449627.266, 17053706695152.664, 20451327940678.062, 23848949186203.46, 27246570431728.86, 30644191677254.258, 34041812922779.656]}, "RW-MemOffsetMode.MAX_REF-1000": {"feature_metadata": [{"histogram_max": 140446739651254, "histogram_min": 0}], "feature_data": [0.0, 14044673965125.4, 28089347930250.8, 42134021895376.2, 56178695860501.6, 70223369825627.0, 84268043790752.4, 98312717755877.8, 112357391721003.2, 126402065686128.61, 140446739651254.0]}, "RW-MemOffsetMode.MIN_REF-25000": {"feature_metadata": [{"histogram_max": -1248568, "histogram_min": -140446740897928}], "feature_data": [-140446740897928.0, -126402066932992.0, -112357392968056.0, -98312719003120.0, -84268045038184.0, -70223371073248.0, -56178697108312.0, -42134023143376.0, -28089349178440.0, -14044675213504.0, -1248568.0]}, "R-MemOffsetMode.MAX_REF-1000": {"feature_metadata": [{"histogram_max": 140446739656384, "histogram_min": 8}], "feature_data": [8.0, 14044673965645.6, 28089347931283.2, 42134021896920.8, 56178695862558.4, 70223369828196.0, 84268043793833.6, 98312717759471.2, 112357391725108.8, 126402065690746.39, 140446739656384.0]}, "W-MemOffsetMode.MEAN-5000": {"feature_metadata": [{"histogram_max": 11440627600508, "histogram_min": -87835346169}], "feature_data": [-87835346169.7562, 1065010948498.0258, 2217857243165.8076, 3370703537833.5894, 4523549832501.372, 5676396127169.154, 6829242421836.936, 7982088716504.718, 9134935011172.5, 10287781305840.281, 11440627600508.064]}, "R-MemOffsetMode.MEAN-10000": {"feature_metadata": [{"histogram_max": 47627789222063, "histogram_min": -130695172630854}], "feature_data": [-130695172630854.45, -112862876445562.69, -95030580260270.94, -77198284074979.17, -59365987889687.41, -41533691704395.64, -23701395519103.89, -5869099333812.125, 11963196851479.64, 29795493036771.39, 47627789222063.19]}, "RW-MemOffsetMode.SUM_REF_ASC-1000": {"feature_metadata": [{"histogram_max": 49329242838181736, "histogram_min": -137180458080660476}], "feature_data": [-1.3718045808066048e+17, -1.1852948798877626e+17, -9.987851789689203e+16, -8.122754780500782e+16, -6.25765777131236e+16, -4.392560762123938e+16, -2.527463752935517e+16, -6623667437470944.0, 1.202730265441328e+16, 3.0678272746297504e+16, 4.9329242838181736e+16]}, "R-MemOffsetMode.MIN_REF-10000": {"feature_metadata": [{"histogram_max": -1252216, "histogram_min": -140446740860984}], "feature_data": [-140446740860984.0, -126402066900107.2, -112357392939230.4, -98312718978353.6, -84268045017476.8, -70223371056600.0, -56178697095723.19, -42134023134846.39, -28089349173969.594, -14044675213092.797, -1252216.0]}, "R-MemOffsetMode.SUM_REF_ASC-10000": {"feature_metadata": [{"histogram_max": 359780319783465357, "histogram_min": -1306951726308544496}], "feature_data": [-1.3069517263085445e+18, -1.1402785216993435e+18, -9.736053170901425e+17, -8.069321124809416e+17, -6.402589078717405e+17, -4.735857032625395e+17, -3.069124986533386e+17, -1.4023929404413747e+17, 2.6433910565063424e+16, 1.9310711517426432e+17, 3.5978031978346534e+17]}, "R-MemOffsetMode.MAX_REF-10000": {"feature_metadata": [{"histogram_max": 140446739649656, "histogram_min": 36808}], "feature_data": [36808.0, 14044673998092.8, 28089347959377.6, 42134021920662.41, 56178695881947.2, 70223369843232.0, 84268043804516.81, 98312717765801.61, 112357391727086.4, 126402065688371.2, 140446739649656.0]}, "W-MemOffsetMode.SUM_REF_ASC-10000": {"feature_metadata": [{"histogram_max": 56763961133521535, "histogram_min": 7747685253245206}], "feature_data": [7747685253245206.0, 1.264931284127284e+16, 1.7550940429300472e+16, 2.2452568017328104e+16, 2.7354195605355736e+16, 3.225582319338337e+16, 3.715745078141101e+16, 4.205907836943864e+16, 4.696070595746627e+16, 5.18623335454939e+16, 5.676396113352154e+16]}, "R-MemOffsetMode.MIN_REF-1000": {"feature_metadata": [{"histogram_max": 0, "histogram_min": -140446740869336}], "feature_data": [-140446740869336.0, -126402066782402.4, -112357392695468.8, -98312718608535.2, -84268044521601.6, -70223370434668.0, -56178696347734.41, -42134022260800.8, -28089348173867.203, -14044674086933.61, 0.0]}, "RW-MemOffsetMode.MIN_REF-1000": {"feature_metadata": [{"histogram_max": 0, "histogram_min": -140446740869336}], "feature_data": [-140446740869336.0, -126402066782402.4, -112357392695468.8, -98312718608535.2, -84268044521601.6, -70223370434668.0, -56178696347734.41, -42134022260800.8, -28089348173867.203, -14044674086933.61, 0.0]}, "W-MemOffsetMode.MAX_REF-10000": {"feature_metadata": [{"histogram_max": 140446739627344, "histogram_min": 139162597335737}], "feature_data": [139162597335737.0, 139291011564897.7, 139419425794058.4, 139547840023219.1, 139676254252379.8, 139804668481540.5, 139933082710701.2, 140061496939861.9, 140189911169022.6, 140318325398183.3, 140446739627344.0]}, "RW-MemOffsetMode.MAX_REF-10000": {"feature_metadata": [{"histogram_max": 140446739650736, "histogram_min": 139162597363611}], "feature_data": [139162597363611.0, 139291011592323.5, 139419425821036.0, 139547840049748.5, 139676254278461.0, 139804668507173.5, 139933082735886.0, 140061496964598.5, 140189911193311.0, 140318325422023.5, 140446739650736.0]}, "R-MemOffsetMode.MIN_REF-25000": {"feature_metadata": [{"histogram_max": -1252216, "histogram_min": -140446740860984}], "feature_data": [-140446740860984.0, -126402066900107.2, -112357392939230.4, -98312718978353.6, -84268045017476.8, -70223371056600.0, -56178697095723.19, -42134023134846.39, -28089349173969.594, -14044675213092.797, -1252216.0]}, "W-MemOffsetMode.MIN_REF-10000": {"feature_metadata": [{"histogram_max": -88, "histogram_min": -1284142293979}], "feature_data": [-1284142293979.0, -1155728064589.9, -1027313835200.8, -898899605811.7, -770485376422.6, -642071147033.5, -513656917644.3999, -385242688255.2999, -256828458866.19995, -128414229477.09985, -88.0]}, "R-MemOffsetMode.MAX_REF-25000": {"feature_metadata": [{"histogram_max": 140446739649656, "histogram_min": 36808}], "feature_data": [36808.0, 14044673998092.8, 28089347959377.6, 42134021920662.41, 56178695881947.2, 70223369843232.0, 84268043804516.81, 98312717765801.61, 112357391727086.4, 126402065688371.2, 140446739649656.0]}, "R-MemOffsetMode.SUM_REF_ASC-1000": {"feature_metadata": [{"histogram_max": 44580211753919911, "histogram_min": -102302203936274834}], "feature_data": [-1.0230220393627483e+17, -8.761396236725536e+16, -7.292572079823587e+16, -5.82374792292164e+16, -4.354923766019693e+16, -2.8860996091177456e+16, -1.4172754522157968e+16, 515487046861504.0, 1.5203728615880976e+16, 2.989197018490045e+16, 4.458021175391991e+16]}, "R-MemOffsetMode.MEAN-1000": {"feature_metadata": [{"histogram_max": 44580211753919, "histogram_min": -102302203936274}], "feature_data": [-102302203936274.84, -87613962367255.38, -72925720798235.89, -58237479229216.42, -43549237660196.945, -28860996091177.47, -14172754522158.0, 515487046861.4844, 15203728615880.953, 29891970184900.42, 44580211753919.914]},